ID,Date,Companies,Industry,Inception,Revenue,Expenses,Profit,Growth
1,no values,#NA,IT Services,2009,"$11,757,018","6,482,465 Dollars",5274553,30%
2,no values,no values,Financial Services,2010,"$12,329,371","916,455 Dollars",11412916,20%
3,not available,not available,Health,2012,"$10,597,009","7,591,189 Dollars",3005820,7%
4,not available,,IT Services,2013,"$14,026,934","7,429,377 Dollars",6597557,26%
5,yes,,Health,2009,"$10,573,990","7,435,363 Dollars",3138627,8%
6,yes,Techline,Health,2006,"$13,898,119","5,470,303 Dollars",8427816,23%
7,yes,Cityace,Health,2010,"$9,254,614","6,249,498 Dollars",3005116,6%
8,yes,Kayelectronics,Health,2009,"$9,451,943","3,878,113 Dollars",5573830,4%
9,yes,Ganzlax,IT Services,2011,"$14,001,180",,11901180,18%
10,yes,Trantraxlax,Government Services,2011,"$11,088,336","5,635,276 Dollars",5453060,7%